listing_prefix,concrete_prefix_hint,bucket,owners,reasons,sources,artifact_kinds,priority_max,normalized_glob
gs://marin-us-east5/align/,gs://marin-us-east5/align/,marin-us-east5,,,named.csv:1757,,0,gs://marin-us-east5/align/*
gs://marin-us-east5/checkpoints/,gs://marin-us-east5/checkpoints/dclm_1b_1x_how_to,marin-us-east5,,default_train output,high-value.csv:37,checkpoint,100,gs://marin-us-east5/checkpoints/dclm_1b_1x_how_to*
gs://marin-us-east5/checkpoints/,gs://marin-us-east5/checkpoints/dclm_1b_1x_replication_eval_check,marin-us-east5,,default_train output,high-value.csv:38,checkpoint,100,gs://marin-us-east5/checkpoints/dclm_1b_1x_replication_eval_check*
gs://marin-us-east5/checkpoints/,gs://marin-us-east5/checkpoints/dclm_7b_1x_how_to,marin-us-east5,,default_train output,high-value.csv:39,checkpoint,100,gs://marin-us-east5/checkpoints/dclm_7b_1x_how_to*
gs://marin-us-east5/checkpoints/,gs://marin-us-east5/checkpoints/dclm_baseline_1b_1x_replication_nov12,marin-us-east5,,default_train output,high-value.csv:40,checkpoint,100,gs://marin-us-east5/checkpoints/dclm_baseline_1b_1x_replication_nov12*
gs://marin-us-east5/checkpoints/,gs://marin-us-east5/checkpoints/dolma-1.4b,marin-us-east5,,default_train output,high-value.csv:41,checkpoint,100,gs://marin-us-east5/checkpoints/dolma-1.4b*
gs://marin-us-east5/checkpoints/dpo/,gs://marin-us-east5/checkpoints/dpo/ultrafeedback_llama3_8b,marin-us-east5,,default_dpo output,high-value.csv:42,checkpoint,100,gs://marin-us-east5/checkpoints/dpo/ultrafeedback_llama3_8b*
gs://marin-us-east5/checkpoints/,gs://marin-us-east5/checkpoints/dq-,marin-us-east5,Rohith,checkpoints from pretraining data quality experiments,named.csv:1756,,0,gs://marin-us-east5/checkpoints/dq-*
gs://marin-us-east5/checkpoints/,gs://marin-us-east5/checkpoints/exp2262,marin-us-east5,Moo Jin,Checkpoints for synthetic data teacher selection experiments,named.csv:1748,,0,gs://marin-us-east5/checkpoints/exp2262*
gs://marin-us-east5/checkpoints/,gs://marin-us-east5/checkpoints/exp3956,marin-us-east5,Moo Jin,Checkpoints for synthetic data teacher selection experiments,named.csv:1749,,0,gs://marin-us-east5/checkpoints/exp3956*
gs://marin-us-east5/checkpoints/,gs://marin-us-east5/checkpoints/ferry_muonh_qwen3_8b_feistel-515e16,marin-us-east5,,default_train output,high-value.csv:43,checkpoint,100,gs://marin-us-east5/checkpoints/ferry_muonh_qwen3_8b_feistel-515e16*
gs://marin-us-east5/checkpoints/,gs://marin-us-east5/checkpoints/ferry_qwen3_1_7b_pt_to_cooldown-027563,marin-us-east5,,default_train output,high-value.csv:44,checkpoint,100,gs://marin-us-east5/checkpoints/ferry_qwen3_1_7b_pt_to_cooldown-027563*
gs://marin-us-east5/checkpoints/,gs://marin-us-east5/checkpoints/ferry_qwen3_8b_pt_to_cooldown-1fc2cb,marin-us-east5,,default_train output,high-value.csv:45,checkpoint,100,gs://marin-us-east5/checkpoints/ferry_qwen3_8b_pt_to_cooldown-1fc2cb*
gs://marin-us-east5/checkpoints/,gs://marin-us-east5/checkpoints/llama-150m-fineweb-edu-gpu,marin-us-east5,,default_train output,high-value.csv:46,checkpoint,100,gs://marin-us-east5/checkpoints/llama-150m-fineweb-edu-gpu*
gs://marin-us-east5/checkpoints/,gs://marin-us-east5/checkpoints/llama-32b-tootsie-2,marin-us-east5,,.with_output_path(...) path,high-value.csv:13,checkpoint,140,gs://marin-us-east5/checkpoints/llama-32b-tootsie-2*
gs://marin-us-east5/checkpoints/,gs://marin-us-east5/checkpoints/llama-8b-tootsie-0.001,marin-us-east5,,default_train output,high-value.csv:47,checkpoint,100,gs://marin-us-east5/checkpoints/llama-8b-tootsie-0.001*
gs://marin-us-east5/checkpoints/,gs://marin-us-east5/checkpoints/llama-8b-tootsie-adept-phoenix,marin-us-east5,,default_train output,high-value.csv:48,checkpoint,100,gs://marin-us-east5/checkpoints/llama-8b-tootsie-adept-phoenix*
gs://marin-us-east5/checkpoints/,gs://marin-us-east5/checkpoints/llama-8b-tootsie-cooldown-take-2,marin-us-east5,,default_train output,high-value.csv:49,checkpoint,100,gs://marin-us-east5/checkpoints/llama-8b-tootsie-cooldown-take-2*
gs://marin-us-east5/checkpoints/,gs://marin-us-east5/checkpoints/llama-8b-tootsie-dessert,marin-us-east5,,default_train output,high-value.csv:50,checkpoint,100,gs://marin-us-east5/checkpoints/llama-8b-tootsie-dessert*
gs://marin-us-east5/checkpoints/,gs://marin-us-east5/checkpoints/llama-8b-tootsie-dessert-v3,marin-us-east5,,default_train output,high-value.csv:51,checkpoint,100,gs://marin-us-east5/checkpoints/llama-8b-tootsie-dessert-v3*
gs://marin-us-east5/checkpoints/,gs://marin-us-east5/checkpoints/llama-8b-tootsie-phase2,marin-us-east5,,default_train output,high-value.csv:52,checkpoint,100,gs://marin-us-east5/checkpoints/llama-8b-tootsie-phase2*
gs://marin-us-east5/checkpoints/,gs://marin-us-east5/checkpoints/llama-8b-tootsie-phase3,marin-us-east5,,default_train output,high-value.csv:53,checkpoint,100,gs://marin-us-east5/checkpoints/llama-8b-tootsie-phase3*
gs://marin-us-east5/checkpoints/,gs://marin-us-east5/checkpoints/llama-bs1536-70b-tootsie,marin-us-east5,,default_train output,high-value.csv:54,checkpoint,100,gs://marin-us-east5/checkpoints/llama-bs1536-70b-tootsie*
gs://marin-us-east5/checkpoints/,gs://marin-us-east5/checkpoints/llama3.1_mixture_total-redux,marin-us-east5,,default_sft output,high-value.csv:55,checkpoint,100,gs://marin-us-east5/checkpoints/llama3.1_mixture_total-redux*
gs://marin-us-east5/checkpoints/,gs://marin-us-east5/checkpoints/marin-32b-muon-4,marin-us-east5,,.with_output_path(...) path,high-value.csv:2,checkpoint,180,gs://marin-us-east5/checkpoints/marin-32b-muon-4*
gs://marin-us-east5/checkpoints/,gs://marin-us-east5/checkpoints/marin-32b-nadamw-4,marin-us-east5,,.with_output_path(...) path,high-value.csv:3,checkpoint,180,gs://marin-us-east5/checkpoints/marin-32b-nadamw-4*
gs://marin-us-east5/checkpoints/,gs://marin-us-east5/checkpoints/marin-32b-necro-2,marin-us-east5,,.with_output_path(...) path,high-value.csv:4,checkpoint,180,gs://marin-us-east5/checkpoints/marin-32b-necro-2*
gs://marin-us-east5/checkpoints/,gs://marin-us-east5/checkpoints/marin-32b-qwen,marin-us-east5,,.with_output_path(...) path,high-value.csv:5,checkpoint,180,gs://marin-us-east5/checkpoints/marin-32b-qwen*
gs://marin-us-east5/checkpoints/,gs://marin-us-east5/checkpoints/marin-32b-v5p-qwen-2,marin-us-east5,,.with_output_path(...) path,high-value.csv:6,checkpoint,180,gs://marin-us-east5/checkpoints/marin-32b-v5p-qwen-2*
gs://marin-us-east5/checkpoints/,gs://marin-us-east5/checkpoints/marin-nano-tinystories,marin-us-east5,,default_train output,high-value.csv:56,checkpoint,100,gs://marin-us-east5/checkpoints/marin-nano-tinystories*
gs://marin-us-east5/checkpoints/,gs://marin-us-east5/checkpoints/marin-tinystories-30m,marin-us-east5,,default_train output,high-value.csv:57,checkpoint,100,gs://marin-us-east5/checkpoints/marin-tinystories-30m*
gs://marin-us-east5/checkpoints/,gs://marin-us-east5/checkpoints/marin_8b_sft_smoltalk2_nemotron_v2_big,marin-us-east5,,default_sft output,high-value.csv:7,checkpoint,180,gs://marin-us-east5/checkpoints/marin_8b_sft_smoltalk2_nemotron_v2_big*
gs://marin-us-east5/checkpoints/,gs://marin-us-east5/checkpoints/marinochat-pre-mid,marin-us-east5,,.with_output_path(...) path,high-value.csv:58,checkpoint,100,gs://marin-us-east5/checkpoints/marinochat-pre-mid*
gs://marin-us-east5/checkpoints/,gs://marin-us-east5/checkpoints/marinochat-sft,marin-us-east5,,.with_output_path(...) path,high-value.csv:59,checkpoint,100,gs://marin-us-east5/checkpoints/marinochat-sft*
gs://marin-us-east5/checkpoints/,gs://marin-us-east5/checkpoints/math_sft_sweep,marin-us-east5,Rohith,Model checkpoints,named.csv:1753,,0,gs://marin-us-east5/checkpoints/math_sft_sweep*
gs://marin-us-east5/checkpoints/,gs://marin-us-east5/checkpoints/multilingual-cpt-8b-fineweb2-hq,marin-us-east5,,.with_output_path(...) path,high-value.csv:60,checkpoint,100,gs://marin-us-east5/checkpoints/multilingual-cpt-8b-fineweb2-hq*
gs://marin-us-east5/checkpoints/,gs://marin-us-east5/checkpoints/olmoish-1b,marin-us-east5,,default_train output,high-value.csv:61,checkpoint,100,gs://marin-us-east5/checkpoints/olmoish-1b*
gs://marin-us-east5/checkpoints/,gs://marin-us-east5/checkpoints/plantcad-train-r1,marin-us-east5,,default_train output,high-value.csv:62,checkpoint,100,gs://marin-us-east5/checkpoints/plantcad-train-r1*
gs://marin-us-east5/checkpoints/sft/,gs://marin-us-east5/checkpoints/sft/mixture_sft_deeper_starling,marin-us-east5,,.with_output_path(...) path,high-value.csv:63,checkpoint,100,gs://marin-us-east5/checkpoints/sft/mixture_sft_deeper_starling*
gs://marin-us-east5/checkpoints/sft/,gs://marin-us-east5/checkpoints/sft/tulu3_sft_spoonbill_945_lr_,marin-us-east5,,.with_output_path(...) path,high-value.csv:64,checkpoint,100,gs://marin-us-east5/checkpoints/sft/tulu3_sft_spoonbill_945_lr_*
gs://marin-us-east5/checkpoints/sft/,gs://marin-us-east5/checkpoints/sft/tulu3_tootsie_deeper_spoonbill,marin-us-east5,,default_sft output,high-value.csv:65,checkpoint,100,gs://marin-us-east5/checkpoints/sft/tulu3_tootsie_deeper_spoonbill*
gs://marin-us-east5/checkpoints/sft/,gs://marin-us-east5/checkpoints/sft/tulu3_tootsie_sft_deeper_spoonbill_zloss,marin-us-east5,,.with_output_path(...) path,high-value.csv:66,checkpoint,100,gs://marin-us-east5/checkpoints/sft/tulu3_tootsie_sft_deeper_spoonbill_zloss*
gs://marin-us-east5/checkpoints/sft/,gs://marin-us-east5/checkpoints/sft/tulu3_tootsie_sft_spoonbill_zloss,marin-us-east5,,.with_output_path(...) path,high-value.csv:67,checkpoint,100,gs://marin-us-east5/checkpoints/sft/tulu3_tootsie_sft_spoonbill_zloss*
gs://marin-us-east5/checkpoints/,gs://marin-us-east5/checkpoints/tootsie-32b-cooldown-bison-adamc,marin-us-east5,,.with_output_path(...) path,high-value.csv:8,checkpoint,180,gs://marin-us-east5/checkpoints/tootsie-32b-cooldown-bison-adamc*
gs://marin-us-east5/checkpoints/,gs://marin-us-east5/checkpoints/tootsie-32b-cooldown-bison-adamc-flat,marin-us-east5,,.with_output_path(...) path,high-value.csv:9,checkpoint,180,gs://marin-us-east5/checkpoints/tootsie-32b-cooldown-bison-adamc-flat*
gs://marin-us-east5/checkpoints/tootsie-32b-cooldown-bison-adamc/checkpoints/,gs://marin-us-east5/checkpoints/tootsie-32b-cooldown-bison-adamc/checkpoints/step-190000,marin-us-east5,,.cd(...) path,high-value.csv:10,checkpoint,180,gs://marin-us-east5/checkpoints/tootsie-32b-cooldown-bison-adamc/checkpoints/step-190000*
gs://marin-us-east5/checkpoints/,gs://marin-us-east5/checkpoints/tootsie-32b-cooldown-mantis-adamc-v2,marin-us-east5,,.with_output_path(...) path,high-value.csv:11,checkpoint,180,gs://marin-us-east5/checkpoints/tootsie-32b-cooldown-mantis-adamc-v2*
gs://marin-us-east5/checkpoints/,gs://marin-us-east5/checkpoints/tootsie-32b-mantis-sft-exp1994,marin-us-east5,,default_sft output,high-value.csv:12,checkpoint,180,gs://marin-us-east5/checkpoints/tootsie-32b-mantis-sft-exp1994*
gs://marin-us-east5/checkpoints/,gs://marin-us-east5/checkpoints/tootsie-8b-deeper-spoonbill-2,marin-us-east5,,default_train output,high-value.csv:68,checkpoint,100,gs://marin-us-east5/checkpoints/tootsie-8b-deeper-spoonbill-2*
gs://marin-us-east5/checkpoints/,gs://marin-us-east5/checkpoints/tootsie-8b-deeper-starling,marin-us-east5,,.with_output_path(...) path,high-value.csv:69,checkpoint,100,gs://marin-us-east5/checkpoints/tootsie-8b-deeper-starling*
gs://marin-us-east5/checkpoints/,gs://marin-us-east5/checkpoints/tootsie-8b-focused-spoonbill-fp32,marin-us-east5,,default_train output,high-value.csv:70,checkpoint,100,gs://marin-us-east5/checkpoints/tootsie-8b-focused-spoonbill-fp32*
gs://marin-us-east5/checkpoints/,gs://marin-us-east5/checkpoints/tootsie-8b-focused-spoonbill-zloss,marin-us-east5,,default_train output,high-value.csv:71,checkpoint,100,gs://marin-us-east5/checkpoints/tootsie-8b-focused-spoonbill-zloss*
gs://marin-us-east5/checkpoints/,gs://marin-us-east5/checkpoints/tootsie-8b-giraffe-32k,marin-us-east5,,default_train output,high-value.csv:72,checkpoint,100,gs://marin-us-east5/checkpoints/tootsie-8b-giraffe-32k*
gs://marin-us-east5/checkpoints/,gs://marin-us-east5/checkpoints/tootsie-8b-giraffe-32k-293fef,marin-us-east5,,.with_output_path(...) path,high-value.csv:73,checkpoint,100,gs://marin-us-east5/checkpoints/tootsie-8b-giraffe-32k-293fef*
gs://marin-us-east5/checkpoints/tootsie-8b-giraffe-32k-293fef/hf/,gs://marin-us-east5/checkpoints/tootsie-8b-giraffe-32k-293fef/hf/step-,marin-us-east5,,.cd(...) path,high-value.csv:74,checkpoint,100,gs://marin-us-east5/checkpoints/tootsie-8b-giraffe-32k-293fef/hf/step-*
gs://marin-us-east5/checkpoints/,gs://marin-us-east5/checkpoints/tootsie-8b-giraffe-4k-v4,marin-us-east5,,default_train output,high-value.csv:75,checkpoint,100,gs://marin-us-east5/checkpoints/tootsie-8b-giraffe-4k-v4*
gs://marin-us-east5/checkpoints/tootsie-8b-giraffe-4k-v4/hf/,gs://marin-us-east5/checkpoints/tootsie-8b-giraffe-4k-v4/hf/step-,marin-us-east5,,.cd(...) path,high-value.csv:76,checkpoint,100,gs://marin-us-east5/checkpoints/tootsie-8b-giraffe-4k-v4/hf/step-*
gs://marin-us-east5/checkpoints/,gs://marin-us-east5/checkpoints/tootsie-8b-giraffe-phase3-64k,marin-us-east5,,default_train output,high-value.csv:77,checkpoint,100,gs://marin-us-east5/checkpoints/tootsie-8b-giraffe-phase3-64k*
gs://marin-us-east5/checkpoints/tootsie-8b-giraffe-phase3-64k/hf/,gs://marin-us-east5/checkpoints/tootsie-8b-giraffe-phase3-64k/hf/step-,marin-us-east5,,.cd(...) path,high-value.csv:78,checkpoint,100,gs://marin-us-east5/checkpoints/tootsie-8b-giraffe-phase3-64k/hf/step-*
gs://marin-us-east5/checkpoints/,gs://marin-us-east5/checkpoints/tootsie-8b-hypnotic-spoonbill,marin-us-east5,,default_train output,high-value.csv:79,checkpoint,100,gs://marin-us-east5/checkpoints/tootsie-8b-hypnotic-spoonbill*
gs://marin-us-east5/checkpoints/,gs://marin-us-east5/checkpoints/tootsie-8b-hypnotic-spoonbill-norms-2,marin-us-east5,,default_train output,high-value.csv:80,checkpoint,100,gs://marin-us-east5/checkpoints/tootsie-8b-hypnotic-spoonbill-norms-2*
gs://marin-us-east5/checkpoints/,gs://marin-us-east5/checkpoints/tootsie-8b-sensible-starling,marin-us-east5,,.with_output_path(...) path,high-value.csv:81,checkpoint,100,gs://marin-us-east5/checkpoints/tootsie-8b-sensible-starling*
gs://marin-us-east5/checkpoints/tootsie-8b-sensible-starling/checkpoints/,gs://marin-us-east5/checkpoints/tootsie-8b-sensible-starling/checkpoints/step-1399923,marin-us-east5,,.cd(...) path,high-value.csv:82,checkpoint,100,gs://marin-us-east5/checkpoints/tootsie-8b-sensible-starling/checkpoints/step-1399923*
gs://marin-us-east5/checkpoints/,gs://marin-us-east5/checkpoints/tootsie-8b-soft-raccoon-3,marin-us-east5,,default_train output,high-value.csv:83,checkpoint,100,gs://marin-us-east5/checkpoints/tootsie-8b-soft-raccoon-3*
gs://marin-us-east5/checkpoints/,gs://marin-us-east5/checkpoints/tootsie-8b-softer-raccoon,marin-us-east5,,default_train output,high-value.csv:84,checkpoint,100,gs://marin-us-east5/checkpoints/tootsie-8b-softer-raccoon*
gs://marin-us-east5/checkpoints/,gs://marin-us-east5/checkpoints/tootsie-8b-softer-raccoon-no-decay,marin-us-east5,,default_train output,high-value.csv:85,checkpoint,100,gs://marin-us-east5/checkpoints/tootsie-8b-softer-raccoon-no-decay*
gs://marin-us-east5/checkpoints/,gs://marin-us-east5/checkpoints/tootsie-8b-softer-raccoon-reset-adamw-2,marin-us-east5,,default_train output,high-value.csv:86,checkpoint,100,gs://marin-us-east5/checkpoints/tootsie-8b-softer-raccoon-reset-adamw-2*
gs://marin-us-east5/checkpoints/,gs://marin-us-east5/checkpoints/tutorial-dclm-30m-sweep-lr*-wd,marin-us-east5,,default_train output,high-value.csv:87,checkpoint,100,gs://marin-us-east5/checkpoints/tutorial-dclm-30m-sweep-lr*-wd*
gs://marin-us-east5/checkpoints/,gs://marin-us-east5/checkpoints/tutorial-slimpajama_6b-30m-sweep-lr*-wd,marin-us-east5,,default_train output,high-value.csv:88,checkpoint,100,gs://marin-us-east5/checkpoints/tutorial-slimpajama_6b-30m-sweep-lr*-wd*
gs://marin-us-east5/documents/,gs://marin-us-east5/documents/math500,marin-us-east5,Rohith,Rollouts from evals/SFT,named.csv:1752,,0,gs://marin-us-east5/documents/math500*
gs://marin-us-east5/documents/,gs://marin-us-east5/documents/math_test,marin-us-east5,Rohith,more rollouts/etc,named.csv:1755,,0,gs://marin-us-east5/documents/math_test*
gs://marin-us-east5/documents/,gs://marin-us-east5/documents/math_train,marin-us-east5,Rohith,more rollouts/etc,named.csv:1754,,0,gs://marin-us-east5/documents/math_train*
gs://marin-us-east5/documents/stack_edu/,gs://marin-us-east5/documents/stack_edu/,marin-us-east5,Calvin,Hydrated Stack-Edu text shards derived from Software Heritage blob fetches; required to retokenize or reuse Stack-Edu for Dolma 3 Pool.,named.csv:6,,0,gs://marin-us-east5/documents/stack_edu/*
gs://marin-us-east5/raw/EleutherAI/,gs://marin-us-east5/raw/EleutherAI/lambada_openaihf,marin-us-east5,,ExecutorStep output,high-value.csv:90,dataset,90,gs://marin-us-east5/raw/EleutherAI/lambada_openaihf*
gs://marin-us-east5/raw/Idavidrein/,gs://marin-us-east5/raw/Idavidrein/gpqa,marin-us-east5,,ExecutorStep output,high-value.csv:91,dataset,90,gs://marin-us-east5/raw/Idavidrein/gpqa*
gs://marin-us-east5/raw/Rowan/,gs://marin-us-east5/raw/Rowan/hellaswaghf,marin-us-east5,,default_download output,high-value.csv:92,dataset,90,gs://marin-us-east5/raw/Rowan/hellaswaghf*
gs://marin-us-east5/raw/SaylorTwift/,gs://marin-us-east5/raw/SaylorTwift/bbhhf,marin-us-east5,,ExecutorStep output,high-value.csv:93,dataset,90,gs://marin-us-east5/raw/SaylorTwift/bbhhf*
gs://marin-us-east5/raw/,gs://marin-us-east5/raw/SlimPajama-627B-262830,marin-us-east5,,ExecutorStep output,high-value.csv:94,dataset,90,gs://marin-us-east5/raw/SlimPajama-627B-262830*
gs://marin-us-east5/raw/SlimPajama-627B-262830/2d0accd/huggingface.co/datasets/cerebras/SlimPajama-627B/resolve/,gs://marin-us-east5/raw/SlimPajama-627B-262830/2d0accd/huggingface.co/datasets/cerebras/SlimPajama-627B/resolve/2d0accd,marin-us-east5,,.cd(...) path,high-value.csv:95,dataset,90,gs://marin-us-east5/raw/SlimPajama-627B-262830/2d0accd/huggingface.co/datasets/cerebras/SlimPajama-627B/resolve/2d0accd*
gs://marin-us-east5/raw/,gs://marin-us-east5/raw/SlimPajama-6B-be35b7,marin-us-east5,,ExecutorStep output,high-value.csv:96,dataset,90,gs://marin-us-east5/raw/SlimPajama-6B-be35b7*
gs://marin-us-east5/raw/SlimPajama-6B-be35b7/,gs://marin-us-east5/raw/SlimPajama-6B-be35b7/data,marin-us-east5,,.cd(...) path,high-value.csv:97,dataset,90,gs://marin-us-east5/raw/SlimPajama-6B-be35b7/data*
gs://marin-us-east5/raw/TIGER-Lab/,gs://marin-us-east5/raw/TIGER-Lab/MMLU-Prohf,marin-us-east5,,default_download output,high-value.csv:98,dataset,90,gs://marin-us-east5/raw/TIGER-Lab/MMLU-Prohf*
gs://marin-us-east5/raw/WillHeld/,gs://marin-us-east5/raw/WillHeld/MuSRDecontamhf,marin-us-east5,,ExecutorStep output,high-value.csv:99,dataset,90,gs://marin-us-east5/raw/WillHeld/MuSRDecontamhf*
gs://marin-us-east5/raw/allenai/,gs://marin-us-east5/raw/allenai/ai2_archf,marin-us-east5,,default_download output,high-value.csv:100,dataset,90,gs://marin-us-east5/raw/allenai/ai2_archf*
gs://marin-us-east5/raw/allenai/,gs://marin-us-east5/raw/allenai/openbookqahf,marin-us-east5,,default_download output,high-value.csv:101,dataset,90,gs://marin-us-east5/raw/allenai/openbookqahf*
gs://marin-us-east5/raw/allenai/,gs://marin-us-east5/raw/allenai/winograndehf,marin-us-east5,,default_download output,high-value.csv:102,dataset,90,gs://marin-us-east5/raw/allenai/winograndehf*
gs://marin-us-east5/raw/ambean/,gs://marin-us-east5/raw/ambean/lingOly,marin-us-east5,,ExecutorStep output,high-value.csv:103,dataset,90,gs://marin-us-east5/raw/ambean/lingOly*
gs://marin-us-east5/raw/baber/,gs://marin-us-east5/raw/baber/piqahf,marin-us-east5,,ExecutorStep output,high-value.csv:104,dataset,90,gs://marin-us-east5/raw/baber/piqahf*
gs://marin-us-east5/raw/cais/,gs://marin-us-east5/raw/cais/mmlu_raw,marin-us-east5,,ExecutorStep output,high-value.csv:105,dataset,90,gs://marin-us-east5/raw/cais/mmlu_raw*
gs://marin-us-east5/raw/cais/,gs://marin-us-east5/raw/cais/mmluhf,marin-us-east5,,ExecutorStep output,high-value.csv:106,dataset,90,gs://marin-us-east5/raw/cais/mmluhf*
gs://marin-us-east5/raw/common_pile/,gs://marin-us-east5/raw/common_pile/arxiv_abstracts_filtered-f1d7a9a,marin-us-east5,,ExecutorStep output,high-value.csv:107,dataset,90,gs://marin-us-east5/raw/common_pile/arxiv_abstracts_filtered-f1d7a9a*
gs://marin-us-east5/raw/common_pile/,gs://marin-us-east5/raw/common_pile/arxiv_papers_filtered-033cf7f,marin-us-east5,,ExecutorStep output,high-value.csv:108,dataset,90,gs://marin-us-east5/raw/common_pile/arxiv_papers_filtered-033cf7f*
gs://marin-us-east5/raw/common_pile/,gs://marin-us-east5/raw/common_pile/biodiversity_heritage_library_filtered-0486ed6,marin-us-east5,,ExecutorStep output,high-value.csv:109,dataset,90,gs://marin-us-east5/raw/common_pile/biodiversity_heritage_library_filtered-0486ed6*
gs://marin-us-east5/raw/common_pile/,gs://marin-us-east5/raw/common_pile/caselaw_access_project_filtered-50e1961,marin-us-east5,,ExecutorStep output,high-value.csv:110,dataset,90,gs://marin-us-east5/raw/common_pile/caselaw_access_project_filtered-50e1961*
gs://marin-us-east5/raw/common_pile/,gs://marin-us-east5/raw/common_pile/cccc_filtered-03a3de5,marin-us-east5,,ExecutorStep output,high-value.csv:111,dataset,90,gs://marin-us-east5/raw/common_pile/cccc_filtered-03a3de5*
gs://marin-us-east5/raw/common_pile/,gs://marin-us-east5/raw/common_pile/data_provenance_initiative_filtered-8f5afcf,marin-us-east5,,ExecutorStep output,high-value.csv:112,dataset,90,gs://marin-us-east5/raw/common_pile/data_provenance_initiative_filtered-8f5afcf*
gs://marin-us-east5/raw/common_pile/,gs://marin-us-east5/raw/common_pile/doab_filtered-defb24c,marin-us-east5,,ExecutorStep output,high-value.csv:113,dataset,90,gs://marin-us-east5/raw/common_pile/doab_filtered-defb24c*
gs://marin-us-east5/raw/common_pile/,gs://marin-us-east5/raw/common_pile/foodista_filtered-bf2c7aa,marin-us-east5,,ExecutorStep output,high-value.csv:114,dataset,90,gs://marin-us-east5/raw/common_pile/foodista_filtered-bf2c7aa*
gs://marin-us-east5/raw/common_pile/,gs://marin-us-east5/raw/common_pile/github_archive_filtered-52282fe,marin-us-east5,,ExecutorStep output,high-value.csv:115,dataset,90,gs://marin-us-east5/raw/common_pile/github_archive_filtered-52282fe*
gs://marin-us-east5/raw/common_pile/,gs://marin-us-east5/raw/common_pile/library_of_congress_filtered-56725c7,marin-us-east5,,ExecutorStep output,high-value.csv:116,dataset,90,gs://marin-us-east5/raw/common_pile/library_of_congress_filtered-56725c7*
gs://marin-us-east5/raw/common_pile/,gs://marin-us-east5/raw/common_pile/libretexts_filtered-70388bc,marin-us-east5,,ExecutorStep output,high-value.csv:117,dataset,90,gs://marin-us-east5/raw/common_pile/libretexts_filtered-70388bc*
gs://marin-us-east5/raw/common_pile/,gs://marin-us-east5/raw/common_pile/news_filtered-59aaa8f,marin-us-east5,,ExecutorStep output,high-value.csv:118,dataset,90,gs://marin-us-east5/raw/common_pile/news_filtered-59aaa8f*
gs://marin-us-east5/raw/common_pile/,gs://marin-us-east5/raw/common_pile/oercommons_filtered-506b615,marin-us-east5,,ExecutorStep output,high-value.csv:119,dataset,90,gs://marin-us-east5/raw/common_pile/oercommons_filtered-506b615*
gs://marin-us-east5/raw/common_pile/,gs://marin-us-east5/raw/common_pile/peS2o_filtered-2977475,marin-us-east5,,ExecutorStep output,high-value.csv:120,dataset,90,gs://marin-us-east5/raw/common_pile/peS2o_filtered-2977475*
gs://marin-us-east5/raw/common_pile/,gs://marin-us-east5/raw/common_pile/pre_1929_books_filtered-23f9d96,marin-us-east5,,ExecutorStep output,high-value.csv:121,dataset,90,gs://marin-us-east5/raw/common_pile/pre_1929_books_filtered-23f9d96*
gs://marin-us-east5/raw/common_pile/,gs://marin-us-east5/raw/common_pile/pressbooks_filtered-1a1d3b5,marin-us-east5,,ExecutorStep output,high-value.csv:122,dataset,90,gs://marin-us-east5/raw/common_pile/pressbooks_filtered-1a1d3b5*
gs://marin-us-east5/raw/common_pile/,gs://marin-us-east5/raw/common_pile/project_gutenberg_filtered-3cdf687,marin-us-east5,,ExecutorStep output,high-value.csv:123,dataset,90,gs://marin-us-east5/raw/common_pile/project_gutenberg_filtered-3cdf687*
gs://marin-us-east5/raw/common_pile/,gs://marin-us-east5/raw/common_pile/public_domain_review_filtered-efc7f21,marin-us-east5,,ExecutorStep output,high-value.csv:124,dataset,90,gs://marin-us-east5/raw/common_pile/public_domain_review_filtered-efc7f21*
gs://marin-us-east5/raw/common_pile/,gs://marin-us-east5/raw/common_pile/pubmed_filtered-c156f05,marin-us-east5,,ExecutorStep output,high-value.csv:125,dataset,90,gs://marin-us-east5/raw/common_pile/pubmed_filtered-c156f05*
gs://marin-us-east5/raw/common_pile/,gs://marin-us-east5/raw/common_pile/python_enhancement_proposals_filtered-5821709,marin-us-east5,,ExecutorStep output,high-value.csv:126,dataset,90,gs://marin-us-east5/raw/common_pile/python_enhancement_proposals_filtered-5821709*
gs://marin-us-east5/raw/common_pile/,gs://marin-us-east5/raw/common_pile/regulations_filtered-3327364,marin-us-east5,,ExecutorStep output,high-value.csv:127,dataset,90,gs://marin-us-east5/raw/common_pile/regulations_filtered-3327364*
gs://marin-us-east5/raw/common_pile/,gs://marin-us-east5/raw/common_pile/stackexchange_filtered-c0ac737,marin-us-east5,,ExecutorStep output,high-value.csv:128,dataset,90,gs://marin-us-east5/raw/common_pile/stackexchange_filtered-c0ac737*
gs://marin-us-east5/raw/common_pile/,gs://marin-us-east5/raw/common_pile/stackv2-d0e3266,marin-us-east5,,ExecutorStep output,high-value.csv:129,dataset,90,gs://marin-us-east5/raw/common_pile/stackv2-d0e3266*
gs://marin-us-east5/raw/common_pile/,gs://marin-us-east5/raw/common_pile/stackv2_edu_filtered-c354dbe,marin-us-east5,,ExecutorStep output,high-value.csv:130,dataset,90,gs://marin-us-east5/raw/common_pile/stackv2_edu_filtered-c354dbe*
gs://marin-us-east5/raw/common_pile/,gs://marin-us-east5/raw/common_pile/stackv2_html_filtered-92c9fa8,marin-us-east5,,ExecutorStep output,high-value.csv:131,dataset,90,gs://marin-us-east5/raw/common_pile/stackv2_html_filtered-92c9fa8*
gs://marin-us-east5/raw/common_pile/,gs://marin-us-east5/raw/common_pile/ubuntu_irc_filtered-84f88c9,marin-us-east5,,ExecutorStep output,high-value.csv:132,dataset,90,gs://marin-us-east5/raw/common_pile/ubuntu_irc_filtered-84f88c9*
gs://marin-us-east5/raw/common_pile/,gs://marin-us-east5/raw/common_pile/uk_hansard_filtered-c88adc4,marin-us-east5,,ExecutorStep output,high-value.csv:133,dataset,90,gs://marin-us-east5/raw/common_pile/uk_hansard_filtered-c88adc4*
gs://marin-us-east5/raw/common_pile/,gs://marin-us-east5/raw/common_pile/usgpo_filtered-b150cc2,marin-us-east5,,ExecutorStep output,high-value.csv:134,dataset,90,gs://marin-us-east5/raw/common_pile/usgpo_filtered-b150cc2*
gs://marin-us-east5/raw/common_pile/,gs://marin-us-east5/raw/common_pile/uspto_filtered-13894c5,marin-us-east5,,ExecutorStep output,high-value.csv:135,dataset,90,gs://marin-us-east5/raw/common_pile/uspto_filtered-13894c5*
gs://marin-us-east5/raw/common_pile/,gs://marin-us-east5/raw/common_pile/wikimedia_filtered-0641bb8,marin-us-east5,,ExecutorStep output,high-value.csv:136,dataset,90,gs://marin-us-east5/raw/common_pile/wikimedia_filtered-0641bb8*
gs://marin-us-east5/raw/common_pile/,gs://marin-us-east5/raw/common_pile/wikiteam_filtered-f4ed055,marin-us-east5,,ExecutorStep output,high-value.csv:137,dataset,90,gs://marin-us-east5/raw/common_pile/wikiteam_filtered-f4ed055*
gs://marin-us-east5/raw/common_pile/,gs://marin-us-east5/raw/common_pile/youtube_filtered-dff8c8a,marin-us-east5,,ExecutorStep output,high-value.csv:138,dataset,90,gs://marin-us-east5/raw/common_pile/youtube_filtered-dff8c8a*
gs://marin-us-east5/raw/dclm/,gs://marin-us-east5/raw/dclm/a3b142c,marin-us-east5,,.cd(...) path,high-value.csv:139,dataset,90,gs://marin-us-east5/raw/dclm/a3b142c*
gs://marin-us-east5/raw/,gs://marin-us-east5/raw/dolma,marin-us-east5,,ExecutorStep output,high-value.csv:140,dataset,90,gs://marin-us-east5/raw/dolma*
gs://marin-us-east5/raw/dolma/,gs://marin-us-east5/raw/dolma/v1.7,marin-us-east5,,InputName.hardcoded,high-value.csv:89,dataset,100,gs://marin-us-east5/raw/dolma/v1.7*
gs://marin-us-east5/raw/,gs://marin-us-east5/raw/dolma3_mix-150B-1025-15d04ee,marin-us-east5,,ExecutorStep output,high-value.csv:141,dataset,90,gs://marin-us-east5/raw/dolma3_mix-150B-1025-15d04ee*
gs://marin-us-east5/raw/,gs://marin-us-east5/raw/dolmino-mix-1124-157960,marin-us-east5,,.with_output_path(...) path,high-value.csv:142,dataset,90,gs://marin-us-east5/raw/dolmino-mix-1124-157960*
gs://marin-us-east5/raw/eval-datasets/,gs://marin-us-east5/raw/eval-datasets/code-tasks,marin-us-east5,Calvin,Pre-cached code eval datasets used by two-phase and three-phase StarCoder domain-phase-mix runs.,named.csv:9,,0,gs://marin-us-east5/raw/eval-datasets/code-tasks*
gs://marin-us-east5/raw/eval-datasets/,gs://marin-us-east5/raw/eval-datasets/core-tasks,marin-us-east5,Calvin,Pre-cached core eval datasets used by single-phase common-crawl domain-phase-mix runs.,named.csv:10,,0,gs://marin-us-east5/raw/eval-datasets/core-tasks*
gs://marin-us-east5/raw/,gs://marin-us-east5/raw/finemath,marin-us-east5,,ExecutorStep output,high-value.csv:143,dataset,90,gs://marin-us-east5/raw/finemath*
gs://marin-us-east5/raw/,gs://marin-us-east5/raw/fineweb,marin-us-east5,,ExecutorStep output,high-value.csv:144,dataset,90,gs://marin-us-east5/raw/fineweb*
gs://marin-us-east5/raw/,gs://marin-us-east5/raw/fineweb-edu-,marin-us-east5,,ExecutorStep output,high-value.csv:145,dataset,90,gs://marin-us-east5/raw/fineweb-edu-*
gs://marin-us-east5/raw/,gs://marin-us-east5/raw/fineweb2-hq,marin-us-east5,,.with_output_path(...) path,high-value.csv:146,dataset,90,gs://marin-us-east5/raw/fineweb2-hq*
gs://marin-us-east5/raw/,gs://marin-us-east5/raw/fineweb2_hq,marin-us-east5,,ExecutorStep output,high-value.csv:147,dataset,90,gs://marin-us-east5/raw/fineweb2_hq*
gs://marin-us-east5/raw/google-research-datasets/,gs://marin-us-east5/raw/google-research-datasets/mbpphf,marin-us-east5,,ExecutorStep output,high-value.csv:148,dataset,90,gs://marin-us-east5/raw/google-research-datasets/mbpphf*
gs://marin-us-east5/raw/google-research-datasets/mbpphf/4bb6404/,gs://marin-us-east5/raw/google-research-datasets/mbpphf/4bb6404/full,marin-us-east5,,.cd(...) path,high-value.csv:149,dataset,90,gs://marin-us-east5/raw/google-research-datasets/mbpphf/4bb6404/full*
gs://marin-us-east5/raw/google/,gs://marin-us-east5/raw/google/boolqhf,marin-us-east5,,default_download output,high-value.csv:150,dataset,90,gs://marin-us-east5/raw/google/boolqhf*
gs://marin-us-east5/raw/gsm8k/,gs://marin-us-east5/raw/gsm8k/mainhf,marin-us-east5,,ExecutorStep output,high-value.csv:151,dataset,90,gs://marin-us-east5/raw/gsm8k/mainhf*
gs://marin-us-east5/raw/hendrycks/,gs://marin-us-east5/raw/hendrycks/mathhf,marin-us-east5,,ExecutorStep output,high-value.csv:152,dataset,90,gs://marin-us-east5/raw/hendrycks/mathhf*
gs://marin-us-east5/raw/,gs://marin-us-east5/raw/institutional-books-d2f504a,marin-us-east5,,default_download output,high-value.csv:153,dataset,90,gs://marin-us-east5/raw/institutional-books-d2f504a*
gs://marin-us-east5/raw/,gs://marin-us-east5/raw/latxa_corpus,marin-us-east5,,ExecutorStep output,high-value.csv:154,dataset,90,gs://marin-us-east5/raw/latxa_corpus*
gs://marin-us-east5/raw/,gs://marin-us-east5/raw/lavita_medical_qa,marin-us-east5,,default_download output,high-value.csv:155,dataset,90,gs://marin-us-east5/raw/lavita_medical_qa*
gs://marin-us-east5/raw/llm360/,gs://marin-us-east5/raw/llm360/megamath,marin-us-east5,,default_download output,high-value.csv:156,dataset,90,gs://marin-us-east5/raw/llm360/megamath*
gs://marin-us-east5/raw/marcov/,gs://marin-us-east5/raw/marcov/winograd_wsc_wsc273_promptsourcehf,marin-us-east5,,ExecutorStep output,high-value.csv:157,dataset,90,gs://marin-us-east5/raw/marcov/winograd_wsc_wsc273_promptsourcehf*
gs://marin-us-east5/raw/,gs://marin-us-east5/raw/nemotro-cc,marin-us-east5,,ExecutorStep output,high-value.csv:158,dataset,90,gs://marin-us-east5/raw/nemotro-cc*
gs://marin-us-east5/raw/,gs://marin-us-east5/raw/nemotron-cc,marin-us-east5,,ExecutorStep output,high-value.csv:14,dataset,130,gs://marin-us-east5/raw/nemotron-cc*
gs://marin-us-east5/raw/,gs://marin-us-east5/raw/nemotron_cc_code_v1,marin-us-east5,,ExecutorStep output,high-value.csv:15,dataset,130,gs://marin-us-east5/raw/nemotron_cc_code_v1*
gs://marin-us-east5/raw/,gs://marin-us-east5/raw/nemotron_cc_math_v1,marin-us-east5,,ExecutorStep output,high-value.csv:16,dataset,130,gs://marin-us-east5/raw/nemotron_cc_math_v1*
gs://marin-us-east5/raw/,gs://marin-us-east5/raw/nemotron_cc_v2,marin-us-east5,,ExecutorStep output,high-value.csv:17,dataset,130,gs://marin-us-east5/raw/nemotron_cc_v2*
gs://marin-us-east5/raw/,gs://marin-us-east5/raw/nemotron_cc_v2_1,marin-us-east5,,ExecutorStep output,high-value.csv:18,dataset,130,gs://marin-us-east5/raw/nemotron_cc_v2_1*
gs://marin-us-east5/raw/,gs://marin-us-east5/raw/nemotron_pretraining_code_v1,marin-us-east5,,ExecutorStep output,high-value.csv:19,dataset,130,gs://marin-us-east5/raw/nemotron_pretraining_code_v1*
gs://marin-us-east5/raw/,gs://marin-us-east5/raw/nemotron_pretraining_code_v2,marin-us-east5,,ExecutorStep output,high-value.csv:20,dataset,130,gs://marin-us-east5/raw/nemotron_pretraining_code_v2*
gs://marin-us-east5/raw/,gs://marin-us-east5/raw/nemotron_pretraining_sft_v1,marin-us-east5,,ExecutorStep output,high-value.csv:21,dataset,130,gs://marin-us-east5/raw/nemotron_pretraining_sft_v1*
gs://marin-us-east5/raw/,gs://marin-us-east5/raw/nemotron_pretraining_specialized_v1,marin-us-east5,,ExecutorStep output,high-value.csv:22,dataset,130,gs://marin-us-east5/raw/nemotron_pretraining_specialized_v1*
gs://marin-us-east5/raw/,gs://marin-us-east5/raw/paloma-fc6827,marin-us-east5,,.with_output_path(...) path,high-value.csv:159,dataset,90,gs://marin-us-east5/raw/paloma-fc6827*
gs://marin-us-east5/raw/,gs://marin-us-east5/raw/pile_pubmed_abstracts,marin-us-east5,,default_download output,high-value.csv:160,dataset,90,gs://marin-us-east5/raw/pile_pubmed_abstracts*
gs://marin-us-east5/raw/,gs://marin-us-east5/raw/pile_pubmed_central,marin-us-east5,,default_download output,high-value.csv:161,dataset,90,gs://marin-us-east5/raw/pile_pubmed_central*
gs://marin-us-east5/raw/,gs://marin-us-east5/raw/proof-pile-2-f1b1d8,marin-us-east5,,ExecutorStep output,high-value.csv:162,dataset,90,gs://marin-us-east5/raw/proof-pile-2-f1b1d8*
gs://marin-us-east5/raw/proof-pile-2-f1b1d8/901a927/huggingface.co/datasets/EleutherAI/proof-pile-2/resolve/,gs://marin-us-east5/raw/proof-pile-2-f1b1d8/901a927/huggingface.co/datasets/EleutherAI/proof-pile-2/resolve/901a927,marin-us-east5,,.cd(...) path,high-value.csv:163,dataset,90,gs://marin-us-east5/raw/proof-pile-2-f1b1d8/901a927/huggingface.co/datasets/EleutherAI/proof-pile-2/resolve/901a927*
gs://marin-us-east5/raw/,gs://marin-us-east5/raw/stack_edu-ad3cf0,marin-us-east5,Calvin,Raw Stack-Edu export used to hydrate and tokenize the Dolma 3 Pool stack_edu partitions for the two-phase Dolma3+Dolmino swarm.,named.csv:5,,0,gs://marin-us-east5/raw/stack_edu-ad3cf0*
gs://marin-us-east5/raw/,gs://marin-us-east5/raw/starcoderdata-720c8c,marin-us-east5,,ExecutorStep output,high-value.csv:164,dataset,90,gs://marin-us-east5/raw/starcoderdata-720c8c*
gs://marin-us-east5/raw/tau/,gs://marin-us-east5/raw/tau/commonsense_qahf,marin-us-east5,,ExecutorStep output,high-value.csv:165,dataset,90,gs://marin-us-east5/raw/tau/commonsense_qahf*
gs://marin-us-east5/raw/,gs://marin-us-east5/raw/the-stack-dedup-4ba450,marin-us-east5,,ExecutorStep output,high-value.csv:166,dataset,90,gs://marin-us-east5/raw/the-stack-dedup-4ba450*
gs://marin-us-east5/raw/the-stack-dedup-4ba450/,gs://marin-us-east5/raw/the-stack-dedup-4ba450/17cad72,marin-us-east5,,.cd(...) path,high-value.csv:167,dataset,90,gs://marin-us-east5/raw/the-stack-dedup-4ba450/17cad72*
gs://marin-us-east5/raw/,gs://marin-us-east5/raw/the_pile_openwebtext2,marin-us-east5,,ExecutorStep output,high-value.csv:168,dataset,90,gs://marin-us-east5/raw/the_pile_openwebtext2*
gs://marin-us-east5/raw/the_pile_openwebtext2/1de27c6/huggingface.co/datasets/vietgpt/the_pile_openwebtext2/resolve/,gs://marin-us-east5/raw/the_pile_openwebtext2/1de27c6/huggingface.co/datasets/vietgpt/the_pile_openwebtext2/resolve/1de27c6,marin-us-east5,,.cd(...) path,high-value.csv:169,dataset,90,gs://marin-us-east5/raw/the_pile_openwebtext2/1de27c6/huggingface.co/datasets/vietgpt/the_pile_openwebtext2/resolve/1de27c6*
gs://marin-us-east5/raw/tokenizers/,gs://marin-us-east5/raw/tokenizers/marin-community--marin-tokenizer,marin-us-east5,Calvin,Tokenizer cache used by Marin-tokenizer domain-phase-mix runs such as single_phase_cc and Dolma3/Dolmino tokenization prep.,named.csv:12,,0,gs://marin-us-east5/raw/tokenizers/marin-community--marin-tokenizer*
gs://marin-us-east5/raw/tokenizers/,gs://marin-us-east5/raw/tokenizers/meta-llama--Meta-Llama-3.1-8B,marin-us-east5,Calvin,Tokenizer cache used by StarCoder domain-phase-mix experiments and candidate validation to avoid repeated Hugging Face fetches.,named.csv:11,,0,gs://marin-us-east5/raw/tokenizers/meta-llama--Meta-Llama-3.1-8B*
gs://marin-us-east5/raw/truthful_qa/,gs://marin-us-east5/raw/truthful_qa/multiple_choicehf,marin-us-east5,,ExecutorStep output,high-value.csv:170,dataset,90,gs://marin-us-east5/raw/truthful_qa/multiple_choicehf*
gs://marin-us-east5/raw/wis-k/,gs://marin-us-east5/raw/wis-k/instruction-following-evalhf,marin-us-east5,,ExecutorStep output,high-value.csv:171,dataset,90,gs://marin-us-east5/raw/wis-k/instruction-following-evalhf*
gs://marin-us-east5/raw/ybisk/,gs://marin-us-east5/raw/ybisk/piqahf,marin-us-east5,,default_download output,high-value.csv:172,dataset,90,gs://marin-us-east5/raw/ybisk/piqahf*
gs://marin-us-east5/tokenized/,gs://marin-us-east5/tokenized/*_marin_tokenizer,marin-us-east5,,default_tokenize output,high-value.csv:173,dataset,90,gs://marin-us-east5/tokenized/*_marin_tokenizer*
gs://marin-us-east5/tokenized/,gs://marin-us-east5/tokenized/angiosperm_16_genomes,marin-us-east5,,default_tokenize output,high-value.csv:174,dataset,90,gs://marin-us-east5/tokenized/angiosperm_16_genomes*
gs://marin-us-east5/tokenized/,gs://marin-us-east5/tokenized/arxiv-no-problem-a3e054,marin-us-east5,,.with_output_path(...) path,high-value.csv:175,dataset,90,gs://marin-us-east5/tokenized/arxiv-no-problem-a3e054*
gs://marin-us-east5/tokenized/common_pile/,gs://marin-us-east5/tokenized/common_pile/arxiv_abstracts,marin-us-east5,,default_tokenize output,high-value.csv:176,dataset,90,gs://marin-us-east5/tokenized/common_pile/arxiv_abstracts*
gs://marin-us-east5/tokenized/common_pile/,gs://marin-us-east5/tokenized/common_pile/arxiv_papers,marin-us-east5,,default_tokenize output,high-value.csv:177,dataset,90,gs://marin-us-east5/tokenized/common_pile/arxiv_papers*
gs://marin-us-east5/tokenized/common_pile/,gs://marin-us-east5/tokenized/common_pile/biodiversity_heritage_library,marin-us-east5,,default_tokenize output,high-value.csv:178,dataset,90,gs://marin-us-east5/tokenized/common_pile/biodiversity_heritage_library*
gs://marin-us-east5/tokenized/common_pile/,gs://marin-us-east5/tokenized/common_pile/caselaw_access_project,marin-us-east5,,default_tokenize output,high-value.csv:179,dataset,90,gs://marin-us-east5/tokenized/common_pile/caselaw_access_project*
gs://marin-us-east5/tokenized/common_pile/,gs://marin-us-east5/tokenized/common_pile/cccc,marin-us-east5,,default_tokenize output,high-value.csv:180,dataset,90,gs://marin-us-east5/tokenized/common_pile/cccc*
gs://marin-us-east5/tokenized/common_pile/,gs://marin-us-east5/tokenized/common_pile/data_provenance_initiative,marin-us-east5,,default_tokenize output,high-value.csv:181,dataset,90,gs://marin-us-east5/tokenized/common_pile/data_provenance_initiative*
gs://marin-us-east5/tokenized/common_pile/,gs://marin-us-east5/tokenized/common_pile/doab,marin-us-east5,,default_tokenize output,high-value.csv:182,dataset,90,gs://marin-us-east5/tokenized/common_pile/doab*
gs://marin-us-east5/tokenized/common_pile/,gs://marin-us-east5/tokenized/common_pile/foodista,marin-us-east5,,default_tokenize output,high-value.csv:183,dataset,90,gs://marin-us-east5/tokenized/common_pile/foodista*
gs://marin-us-east5/tokenized/common_pile/,gs://marin-us-east5/tokenized/common_pile/github_archive,marin-us-east5,,default_tokenize output,high-value.csv:184,dataset,90,gs://marin-us-east5/tokenized/common_pile/github_archive*
gs://marin-us-east5/tokenized/common_pile/,gs://marin-us-east5/tokenized/common_pile/library_of_congress,marin-us-east5,,default_tokenize output,high-value.csv:185,dataset,90,gs://marin-us-east5/tokenized/common_pile/library_of_congress*
gs://marin-us-east5/tokenized/common_pile/,gs://marin-us-east5/tokenized/common_pile/libretexts,marin-us-east5,,default_tokenize output,high-value.csv:186,dataset,90,gs://marin-us-east5/tokenized/common_pile/libretexts*
gs://marin-us-east5/tokenized/common_pile/,gs://marin-us-east5/tokenized/common_pile/news,marin-us-east5,,default_tokenize output,high-value.csv:187,dataset,90,gs://marin-us-east5/tokenized/common_pile/news*
gs://marin-us-east5/tokenized/common_pile/,gs://marin-us-east5/tokenized/common_pile/oercommons,marin-us-east5,,default_tokenize output,high-value.csv:188,dataset,90,gs://marin-us-east5/tokenized/common_pile/oercommons*
gs://marin-us-east5/tokenized/common_pile/,gs://marin-us-east5/tokenized/common_pile/peS2o,marin-us-east5,,default_tokenize output,high-value.csv:189,dataset,90,gs://marin-us-east5/tokenized/common_pile/peS2o*
gs://marin-us-east5/tokenized/common_pile/,gs://marin-us-east5/tokenized/common_pile/pre_1929_books,marin-us-east5,,default_tokenize output,high-value.csv:190,dataset,90,gs://marin-us-east5/tokenized/common_pile/pre_1929_books*
gs://marin-us-east5/tokenized/common_pile/,gs://marin-us-east5/tokenized/common_pile/pressbooks,marin-us-east5,,default_tokenize output,high-value.csv:191,dataset,90,gs://marin-us-east5/tokenized/common_pile/pressbooks*
gs://marin-us-east5/tokenized/common_pile/,gs://marin-us-east5/tokenized/common_pile/project_gutenberg,marin-us-east5,,default_tokenize output,high-value.csv:192,dataset,90,gs://marin-us-east5/tokenized/common_pile/project_gutenberg*
gs://marin-us-east5/tokenized/common_pile/,gs://marin-us-east5/tokenized/common_pile/public_domain_review,marin-us-east5,,default_tokenize output,high-value.csv:193,dataset,90,gs://marin-us-east5/tokenized/common_pile/public_domain_review*
gs://marin-us-east5/tokenized/common_pile/,gs://marin-us-east5/tokenized/common_pile/pubmed,marin-us-east5,,default_tokenize output,high-value.csv:194,dataset,90,gs://marin-us-east5/tokenized/common_pile/pubmed*
gs://marin-us-east5/tokenized/common_pile/,gs://marin-us-east5/tokenized/common_pile/python_enhancement_proposals,marin-us-east5,,default_tokenize output,high-value.csv:195,dataset,90,gs://marin-us-east5/tokenized/common_pile/python_enhancement_proposals*
gs://marin-us-east5/tokenized/common_pile/,gs://marin-us-east5/tokenized/common_pile/regulations,marin-us-east5,,default_tokenize output,high-value.csv:196,dataset,90,gs://marin-us-east5/tokenized/common_pile/regulations*
gs://marin-us-east5/tokenized/common_pile/,gs://marin-us-east5/tokenized/common_pile/stackexchange,marin-us-east5,,default_tokenize output,high-value.csv:197,dataset,90,gs://marin-us-east5/tokenized/common_pile/stackexchange*
gs://marin-us-east5/tokenized/common_pile/,gs://marin-us-east5/tokenized/common_pile/stackv2_edu,marin-us-east5,,default_tokenize output,high-value.csv:198,dataset,90,gs://marin-us-east5/tokenized/common_pile/stackv2_edu*
gs://marin-us-east5/tokenized/common_pile/,gs://marin-us-east5/tokenized/common_pile/stackv2_html,marin-us-east5,,default_tokenize output,high-value.csv:199,dataset,90,gs://marin-us-east5/tokenized/common_pile/stackv2_html*
gs://marin-us-east5/tokenized/common_pile/,gs://marin-us-east5/tokenized/common_pile/ubuntu_irc,marin-us-east5,,default_tokenize output,high-value.csv:200,dataset,90,gs://marin-us-east5/tokenized/common_pile/ubuntu_irc*
gs://marin-us-east5/tokenized/common_pile/,gs://marin-us-east5/tokenized/common_pile/uk_hansard,marin-us-east5,,default_tokenize output,high-value.csv:201,dataset,90,gs://marin-us-east5/tokenized/common_pile/uk_hansard*
gs://marin-us-east5/tokenized/common_pile/,gs://marin-us-east5/tokenized/common_pile/usgpo,marin-us-east5,,default_tokenize output,high-value.csv:202,dataset,90,gs://marin-us-east5/tokenized/common_pile/usgpo*
gs://marin-us-east5/tokenized/common_pile/,gs://marin-us-east5/tokenized/common_pile/uspto,marin-us-east5,,default_tokenize output,high-value.csv:203,dataset,90,gs://marin-us-east5/tokenized/common_pile/uspto*
gs://marin-us-east5/tokenized/common_pile/,gs://marin-us-east5/tokenized/common_pile/wikimedia,marin-us-east5,,default_tokenize output,high-value.csv:204,dataset,90,gs://marin-us-east5/tokenized/common_pile/wikimedia*
gs://marin-us-east5/tokenized/common_pile/,gs://marin-us-east5/tokenized/common_pile/wikiteam,marin-us-east5,,default_tokenize output,high-value.csv:205,dataset,90,gs://marin-us-east5/tokenized/common_pile/wikiteam*
gs://marin-us-east5/tokenized/common_pile/,gs://marin-us-east5/tokenized/common_pile/youtube,marin-us-east5,,default_tokenize output,high-value.csv:206,dataset,90,gs://marin-us-east5/tokenized/common_pile/youtube*
gs://marin-us-east5/tokenized/,gs://marin-us-east5/tokenized/common_pile_stackv2_edu_filtered_python,marin-us-east5,,default_tokenize output,high-value.csv:207,dataset,90,gs://marin-us-east5/tokenized/common_pile_stackv2_edu_filtered_python*
gs://marin-us-east5/tokenized/dclm_baseline-0206f1/,gs://marin-us-east5/tokenized/dclm_baseline-0206f1/,marin-us-east5,,.with_output_path(...) path,high-value.csv:208,dataset,90,gs://marin-us-east5/tokenized/dclm_baseline-0206f1/*
gs://marin-us-east5/tokenized/dlwh/,gs://marin-us-east5/tokenized/dlwh/wikitext_2_detokenized,marin-us-east5,,default_tokenize output,high-value.csv:209,dataset,90,gs://marin-us-east5/tokenized/dlwh/wikitext_2_detokenized*
gs://marin-us-east5/tokenized/dolma/,gs://marin-us-east5/tokenized/dolma/algebraic-stack-cc00cf,marin-us-east5,,.with_output_path(...) path,high-value.csv:210,dataset,90,gs://marin-us-east5/tokenized/dolma/algebraic-stack-cc00cf*
gs://marin-us-east5/tokenized/dolma/,gs://marin-us-east5/tokenized/dolma/arxiv-07a51f,marin-us-east5,,.with_output_path(...) path,high-value.csv:211,dataset,90,gs://marin-us-east5/tokenized/dolma/arxiv-07a51f*
gs://marin-us-east5/tokenized/dolma/,gs://marin-us-east5/tokenized/dolma/c4-e0e5ec,marin-us-east5,,.with_output_path(...) path,high-value.csv:212,dataset,90,gs://marin-us-east5/tokenized/dolma/c4-e0e5ec*
gs://marin-us-east5/tokenized/dolma/,gs://marin-us-east5/tokenized/dolma/cc-74b017,marin-us-east5,,.with_output_path(...) path,high-value.csv:213,dataset,90,gs://marin-us-east5/tokenized/dolma/cc-74b017*
gs://marin-us-east5/tokenized/dolma/,gs://marin-us-east5/tokenized/dolma/cc-news-625d3e,marin-us-east5,,.with_output_path(...) path,high-value.csv:214,dataset,90,gs://marin-us-east5/tokenized/dolma/cc-news-625d3e*
gs://marin-us-east5/tokenized/dolma/,gs://marin-us-east5/tokenized/dolma/falcon-da8fd0,marin-us-east5,,.with_output_path(...) path,high-value.csv:215,dataset,90,gs://marin-us-east5/tokenized/dolma/falcon-da8fd0*
gs://marin-us-east5/tokenized/dolma/,gs://marin-us-east5/tokenized/dolma/flan-a99cb2,marin-us-east5,,.with_output_path(...) path,high-value.csv:216,dataset,90,gs://marin-us-east5/tokenized/dolma/flan-a99cb2*
gs://marin-us-east5/tokenized/dolma/,gs://marin-us-east5/tokenized/dolma/gutenberg-f9eb99,marin-us-east5,,.with_output_path(...) path,high-value.csv:217,dataset,90,gs://marin-us-east5/tokenized/dolma/gutenberg-f9eb99*
gs://marin-us-east5/tokenized/dolma/,gs://marin-us-east5/tokenized/dolma/megawika-34abf2,marin-us-east5,,.with_output_path(...) path,high-value.csv:218,dataset,90,gs://marin-us-east5/tokenized/dolma/megawika-34abf2*
gs://marin-us-east5/tokenized/dolma/,gs://marin-us-east5/tokenized/dolma/open-web-math-79823d,marin-us-east5,,.with_output_path(...) path,high-value.csv:219,dataset,90,gs://marin-us-east5/tokenized/dolma/open-web-math-79823d*
gs://marin-us-east5/tokenized/dolma/,gs://marin-us-east5/tokenized/dolma/pes2o-538363,marin-us-east5,,.with_output_path(...) path,high-value.csv:220,dataset,90,gs://marin-us-east5/tokenized/dolma/pes2o-538363*
gs://marin-us-east5/tokenized/dolma/,gs://marin-us-east5/tokenized/dolma/reddit-62a64a,marin-us-east5,,.with_output_path(...) path,high-value.csv:221,dataset,90,gs://marin-us-east5/tokenized/dolma/reddit-62a64a*
gs://marin-us-east5/tokenized/dolma/,gs://marin-us-east5/tokenized/dolma/stackexchange-adfc49,marin-us-east5,,.with_output_path(...) path,high-value.csv:222,dataset,90,gs://marin-us-east5/tokenized/dolma/stackexchange-adfc49*
gs://marin-us-east5/tokenized/dolma/,gs://marin-us-east5/tokenized/dolma/starcoder-8b6089,marin-us-east5,,.with_output_path(...) path,high-value.csv:223,dataset,90,gs://marin-us-east5/tokenized/dolma/starcoder-8b6089*
gs://marin-us-east5/tokenized/dolma/,gs://marin-us-east5/tokenized/dolma/wiki-212315,marin-us-east5,,.with_output_path(...) path,high-value.csv:224,dataset,90,gs://marin-us-east5/tokenized/dolma/wiki-212315*
gs://marin-us-east5/tokenized/dolma3_dolmino_pool/,gs://marin-us-east5/tokenized/dolma3_dolmino_pool/,marin-us-east5,Calvin,,named.csv:8,,0,gs://marin-us-east5/tokenized/dolma3_dolmino_pool/*
gs://marin-us-east5/tokenized/dolma3_mix-150B-1025-15d04ee/,gs://marin-us-east5/tokenized/dolma3_mix-150B-1025-15d04ee/,marin-us-east5,,.with_output_path(...) path,high-value.csv:225,dataset,90,gs://marin-us-east5/tokenized/dolma3_mix-150B-1025-15d04ee/*
gs://marin-us-east5/tokenized/dolma3_pool/,gs://marin-us-east5/tokenized/dolma3_pool/,marin-us-east5,Calvin,"tbh I'll be doing this on east5a, so maybe fine to remove from central1, 2, europe",named.csv:7,,0,gs://marin-us-east5/tokenized/dolma3_pool/*
gs://marin-us-east5/tokenized/dolmino/,gs://marin-us-east5/tokenized/dolmino/all_math-9d507c,marin-us-east5,,.with_output_path(...) path,high-value.csv:226,dataset,90,gs://marin-us-east5/tokenized/dolmino/all_math-9d507c*
gs://marin-us-east5/tokenized/dolmino/,gs://marin-us-east5/tokenized/dolmino/dclm-6c18eb,marin-us-east5,,.with_output_path(...) path,high-value.csv:227,dataset,90,gs://marin-us-east5/tokenized/dolmino/dclm-6c18eb*
gs://marin-us-east5/tokenized/dolmino/,gs://marin-us-east5/tokenized/dolmino/flan-d71ec1,marin-us-east5,,.with_output_path(...) path,high-value.csv:228,dataset,90,gs://marin-us-east5/tokenized/dolmino/flan-d71ec1*
gs://marin-us-east5/tokenized/dolmino/math/,gs://marin-us-east5/tokenized/dolmino/math/codesearchnet-owmfilter-fd2640,marin-us-east5,,.with_output_path(...) path,high-value.csv:229,dataset,90,gs://marin-us-east5/tokenized/dolmino/math/codesearchnet-owmfilter-fd2640*
gs://marin-us-east5/tokenized/dolmino/math/,gs://marin-us-east5/tokenized/dolmino/math/dolmino_math_synth-11f876,marin-us-east5,,.with_output_path(...) path,high-value.csv:230,dataset,90,gs://marin-us-east5/tokenized/dolmino/math/dolmino_math_synth-11f876*
gs://marin-us-east5/tokenized/dolmino/math/,gs://marin-us-east5/tokenized/dolmino/math/gsm8k-902e8b,marin-us-east5,,.with_output_path(...) path,high-value.csv:231,dataset,90,gs://marin-us-east5/tokenized/dolmino/math/gsm8k-902e8b*
gs://marin-us-east5/tokenized/dolmino/math/,gs://marin-us-east5/tokenized/dolmino/math/mathcoder2-synthmath-bc8dd2,marin-us-east5,,.with_output_path(...) path,high-value.csv:232,dataset,90,gs://marin-us-east5/tokenized/dolmino/math/mathcoder2-synthmath-bc8dd2*
gs://marin-us-east5/tokenized/dolmino/math/,gs://marin-us-east5/tokenized/dolmino/math/metamath-owmfilter-fafa84,marin-us-east5,,.with_output_path(...) path,high-value.csv:233,dataset,90,gs://marin-us-east5/tokenized/dolmino/math/metamath-owmfilter-fafa84*
gs://marin-us-east5/tokenized/dolmino/math/,gs://marin-us-east5/tokenized/dolmino/math/tinyGSM-MIND-6c3016,marin-us-east5,,.with_output_path(...) path,high-value.csv:234,dataset,90,gs://marin-us-east5/tokenized/dolmino/math/tinyGSM-MIND-6c3016*
gs://marin-us-east5/tokenized/dolmino/math/,gs://marin-us-east5/tokenized/dolmino/math/tulu_math-414a4d,marin-us-east5,,.with_output_path(...) path,high-value.csv:235,dataset,90,gs://marin-us-east5/tokenized/dolmino/math/tulu_math-414a4d*
gs://marin-us-east5/tokenized/dolmino/,gs://marin-us-east5/tokenized/dolmino/pes2o-d22243,marin-us-east5,,.with_output_path(...) path,high-value.csv:236,dataset,90,gs://marin-us-east5/tokenized/dolmino/pes2o-d22243*
gs://marin-us-east5/tokenized/dolmino/,gs://marin-us-east5/tokenized/dolmino/stackexchange-271a84,marin-us-east5,,.with_output_path(...) path,high-value.csv:237,dataset,90,gs://marin-us-east5/tokenized/dolmino/stackexchange-271a84*
gs://marin-us-east5/tokenized/dolmino/,gs://marin-us-east5/tokenized/dolmino/wiki-c31b74,marin-us-east5,,.with_output_path(...) path,high-value.csv:238,dataset,90,gs://marin-us-east5/tokenized/dolmino/wiki-c31b74*
gs://marin-us-east5/tokenized/finemath_3_plus-a26b0f/,gs://marin-us-east5/tokenized/finemath_3_plus-a26b0f/,marin-us-east5,,.with_output_path(...) path,high-value.csv:239,dataset,90,gs://marin-us-east5/tokenized/finemath_3_plus-a26b0f/*
gs://marin-us-east5/tokenized/,gs://marin-us-east5/tokenized/finepdfs_edu_eng_Latn_llama3,marin-us-east5,,default_tokenize output,high-value.csv:240,dataset,90,gs://marin-us-east5/tokenized/finepdfs_edu_eng_Latn_llama3*
gs://marin-us-east5/tokenized/,gs://marin-us-east5/tokenized/finepdfs_eng_Latn_val,marin-us-east5,,default_tokenize output,high-value.csv:241,dataset,90,gs://marin-us-east5/tokenized/finepdfs_eng_Latn_val*
gs://marin-us-east5/tokenized/,gs://marin-us-east5/tokenized/fineweb-edu,marin-us-east5,,default_tokenize output,high-value.csv:242,dataset,90,gs://marin-us-east5/tokenized/fineweb-edu*
gs://marin-us-east5/tokenized/,gs://marin-us-east5/tokenized/latxa_corpus,marin-us-east5,,default_tokenize output,high-value.csv:243,dataset,90,gs://marin-us-east5/tokenized/latxa_corpus*
gs://marin-us-east5/tokenized/,gs://marin-us-east5/tokenized/longmino_*_llama3,marin-us-east5,,default_tokenize output,high-value.csv:244,dataset,90,gs://marin-us-east5/tokenized/longmino_*_llama3*
gs://marin-us-east5/tokenized/,gs://marin-us-east5/tokenized/medu-mmlu-science-qa-c64fda,marin-us-east5,,.with_output_path(...) path,high-value.csv:245,dataset,90,gs://marin-us-east5/tokenized/medu-mmlu-science-qa-c64fda*
gs://marin-us-east5/tokenized/nemotron_cc/,gs://marin-us-east5/tokenized/nemotron_cc/hq_actual,marin-us-east5,,ExecutorStep output,high-value.csv:23,dataset,130,gs://marin-us-east5/tokenized/nemotron_cc/hq_actual*
gs://marin-us-east5/tokenized/nemotron_cc/,gs://marin-us-east5/tokenized/nemotron_cc/hq_actual-5af4cc,marin-us-east5,,.with_output_path(...) path,high-value.csv:24,dataset,130,gs://marin-us-east5/tokenized/nemotron_cc/hq_actual-5af4cc*
gs://marin-us-east5/tokenized/nemotron_cc/,gs://marin-us-east5/tokenized/nemotron_cc/hq_synth,marin-us-east5,,ExecutorStep output,high-value.csv:25,dataset,130,gs://marin-us-east5/tokenized/nemotron_cc/hq_synth*
gs://marin-us-east5/tokenized/nemotron_cc/,gs://marin-us-east5/tokenized/nemotron_cc/hq_synth-3525e2,marin-us-east5,,.with_output_path(...) path,high-value.csv:26,dataset,130,gs://marin-us-east5/tokenized/nemotron_cc/hq_synth-3525e2*
gs://marin-us-east5/tokenized/nemotron_cc/,gs://marin-us-east5/tokenized/nemotron_cc/low_actual,marin-us-east5,,ExecutorStep output,high-value.csv:27,dataset,130,gs://marin-us-east5/tokenized/nemotron_cc/low_actual*
gs://marin-us-east5/tokenized/nemotron_cc/,gs://marin-us-east5/tokenized/nemotron_cc/low_actual-cb3f2c,marin-us-east5,,.with_output_path(...) path,high-value.csv:28,dataset,130,gs://marin-us-east5/tokenized/nemotron_cc/low_actual-cb3f2c*
gs://marin-us-east5/tokenized/nemotron_cc/,gs://marin-us-east5/tokenized/nemotron_cc/low_synth,marin-us-east5,,ExecutorStep output,high-value.csv:29,dataset,130,gs://marin-us-east5/tokenized/nemotron_cc/low_synth*
gs://marin-us-east5/tokenized/nemotron_cc/,gs://marin-us-east5/tokenized/nemotron_cc/low_synth-3c57b3,marin-us-east5,,.with_output_path(...) path,high-value.csv:30,dataset,130,gs://marin-us-east5/tokenized/nemotron_cc/low_synth-3c57b3*
gs://marin-us-east5/tokenized/nemotron_cc/,gs://marin-us-east5/tokenized/nemotron_cc/medium,marin-us-east5,,ExecutorStep output,high-value.csv:31,dataset,130,gs://marin-us-east5/tokenized/nemotron_cc/medium*
gs://marin-us-east5/tokenized/nemotron_cc/,gs://marin-us-east5/tokenized/nemotron_cc/medium-d86506,marin-us-east5,,.with_output_path(...) path,high-value.csv:32,dataset,130,gs://marin-us-east5/tokenized/nemotron_cc/medium-d86506*
gs://marin-us-east5/tokenized/nemotron_cc/,gs://marin-us-east5/tokenized/nemotron_cc/medium_high,marin-us-east5,,ExecutorStep output,high-value.csv:33,dataset,130,gs://marin-us-east5/tokenized/nemotron_cc/medium_high*
gs://marin-us-east5/tokenized/nemotron_cc/,gs://marin-us-east5/tokenized/nemotron_cc/medium_high-d21701,marin-us-east5,,.with_output_path(...) path,high-value.csv:34,dataset,130,gs://marin-us-east5/tokenized/nemotron_cc/medium_high-d21701*
gs://marin-us-east5/tokenized/nemotron_cc/,gs://marin-us-east5/tokenized/nemotron_cc/medium_low,marin-us-east5,,ExecutorStep output,high-value.csv:35,dataset,130,gs://marin-us-east5/tokenized/nemotron_cc/medium_low*
gs://marin-us-east5/tokenized/nemotron_cc/,gs://marin-us-east5/tokenized/nemotron_cc/medium_low-0fdb07,marin-us-east5,,.with_output_path(...) path,high-value.csv:36,dataset,130,gs://marin-us-east5/tokenized/nemotron_cc/medium_low-0fdb07*
gs://marin-us-east5/tokenized/paloma/,gs://marin-us-east5/tokenized/paloma/4chan,marin-us-east5,,default_tokenize output,high-value.csv:246,dataset,90,gs://marin-us-east5/tokenized/paloma/4chan*
gs://marin-us-east5/tokenized/paloma/,gs://marin-us-east5/tokenized/paloma/c4_100_domains,marin-us-east5,,default_tokenize output,high-value.csv:247,dataset,90,gs://marin-us-east5/tokenized/paloma/c4_100_domains*
gs://marin-us-east5/tokenized/paloma/,gs://marin-us-east5/tokenized/paloma/c4_en,marin-us-east5,,default_tokenize output,high-value.csv:248,dataset,90,gs://marin-us-east5/tokenized/paloma/c4_en*
gs://marin-us-east5/tokenized/paloma/,gs://marin-us-east5/tokenized/paloma/dolma-v1_5,marin-us-east5,,default_tokenize output,high-value.csv:249,dataset,90,gs://marin-us-east5/tokenized/paloma/dolma-v1_5*
gs://marin-us-east5/tokenized/paloma/,gs://marin-us-east5/tokenized/paloma/dolma_100_programing_languages,marin-us-east5,,default_tokenize output,high-value.csv:250,dataset,90,gs://marin-us-east5/tokenized/paloma/dolma_100_programing_languages*
gs://marin-us-east5/tokenized/paloma/,gs://marin-us-east5/tokenized/paloma/dolma_100_subreddits,marin-us-east5,,default_tokenize output,high-value.csv:251,dataset,90,gs://marin-us-east5/tokenized/paloma/dolma_100_subreddits*
gs://marin-us-east5/tokenized/paloma/,gs://marin-us-east5/tokenized/paloma/falcon-refinedweb,marin-us-east5,,default_tokenize output,high-value.csv:252,dataset,90,gs://marin-us-east5/tokenized/paloma/falcon-refinedweb*
gs://marin-us-east5/tokenized/paloma/,gs://marin-us-east5/tokenized/paloma/gab,marin-us-east5,,default_tokenize output,high-value.csv:253,dataset,90,gs://marin-us-east5/tokenized/paloma/gab*
gs://marin-us-east5/tokenized/paloma/,gs://marin-us-east5/tokenized/paloma/m2d2_s2orc_unsplit,marin-us-east5,,default_tokenize output,high-value.csv:254,dataset,90,gs://marin-us-east5/tokenized/paloma/m2d2_s2orc_unsplit*
gs://marin-us-east5/tokenized/paloma/,gs://marin-us-east5/tokenized/paloma/m2d2_wikipedia_unsplit,marin-us-east5,,default_tokenize output,high-value.csv:255,dataset,90,gs://marin-us-east5/tokenized/paloma/m2d2_wikipedia_unsplit*
gs://marin-us-east5/tokenized/paloma/,gs://marin-us-east5/tokenized/paloma/manosphere_meta_sep,marin-us-east5,,default_tokenize output,high-value.csv:256,dataset,90,gs://marin-us-east5/tokenized/paloma/manosphere_meta_sep*
gs://marin-us-east5/tokenized/paloma/,gs://marin-us-east5/tokenized/paloma/mc4,marin-us-east5,,default_tokenize output,high-value.csv:257,dataset,90,gs://marin-us-east5/tokenized/paloma/mc4*
gs://marin-us-east5/tokenized/paloma/,gs://marin-us-east5/tokenized/paloma/ptb,marin-us-east5,,default_tokenize output,high-value.csv:258,dataset,90,gs://marin-us-east5/tokenized/paloma/ptb*
gs://marin-us-east5/tokenized/paloma/,gs://marin-us-east5/tokenized/paloma/redpajama,marin-us-east5,,default_tokenize output,high-value.csv:259,dataset,90,gs://marin-us-east5/tokenized/paloma/redpajama*
gs://marin-us-east5/tokenized/paloma/,gs://marin-us-east5/tokenized/paloma/twitterAAE_HELM_fixed,marin-us-east5,,default_tokenize output,high-value.csv:260,dataset,90,gs://marin-us-east5/tokenized/paloma/twitterAAE_HELM_fixed*
gs://marin-us-east5/tokenized/paloma/,gs://marin-us-east5/tokenized/paloma/wikitext_103,marin-us-east5,,default_tokenize output,high-value.csv:261,dataset,90,gs://marin-us-east5/tokenized/paloma/wikitext_103*
gs://marin-us-east5/tokenized/,gs://marin-us-east5/tokenized/pile_pubmed_abstracts,marin-us-east5,,default_tokenize output,high-value.csv:262,dataset,90,gs://marin-us-east5/tokenized/pile_pubmed_abstracts*
gs://marin-us-east5/tokenized/,gs://marin-us-east5/tokenized/pile_pubmed_central,marin-us-east5,,default_tokenize output,high-value.csv:263,dataset,90,gs://marin-us-east5/tokenized/pile_pubmed_central*
gs://marin-us-east5/tokenized/,gs://marin-us-east5/tokenized/proofpile_2,marin-us-east5,,default_tokenize output,high-value.csv:264,dataset,90,gs://marin-us-east5/tokenized/proofpile_2*
gs://marin-us-east5/tokenized/roneneldan/,gs://marin-us-east5/tokenized/roneneldan/TinyStories,marin-us-east5,,default_tokenize output,high-value.csv:265,dataset,90,gs://marin-us-east5/tokenized/roneneldan/TinyStories*
gs://marin-us-east5/tokenized/,gs://marin-us-east5/tokenized/slimpajama-6b-cw,marin-us-east5,,default_tokenize output,high-value.csv:266,dataset,90,gs://marin-us-east5/tokenized/slimpajama-6b-cw*
gs://marin-us-east5/tokenized/,gs://marin-us-east5/tokenized/smoltalk_marin,marin-us-east5,,default_tokenize output,high-value.csv:267,dataset,90,gs://marin-us-east5/tokenized/smoltalk_marin*
gs://marin-us-east5/tokenized/,gs://marin-us-east5/tokenized/stackexchange-621b94,marin-us-east5,,.with_output_path(...) path,high-value.csv:268,dataset,90,gs://marin-us-east5/tokenized/stackexchange-621b94*
gs://marin-us-east5/tokenized/,gs://marin-us-east5/tokenized/starcoderdata,marin-us-east5,,default_tokenize output,high-value.csv:269,dataset,90,gs://marin-us-east5/tokenized/starcoderdata*
gs://marin-us-east5/tokenized/tokenized/,gs://marin-us-east5/tokenized/tokenized/lavita_allprocessed,marin-us-east5,,default_tokenize output,high-value.csv:270,dataset,90,gs://marin-us-east5/tokenized/tokenized/lavita_allprocessed*
gs://marin-us-east5/tokenized/tokenized/,gs://marin-us-east5/tokenized/tokenized/lavita_medmcqa,marin-us-east5,,default_tokenize output,high-value.csv:271,dataset,90,gs://marin-us-east5/tokenized/tokenized/lavita_medmcqa*
gs://marin-us-east5/tokenized/tokenized/,gs://marin-us-east5/tokenized/tokenized/lavita_medmcqa_validation,marin-us-east5,,default_tokenize output,high-value.csv:272,dataset,90,gs://marin-us-east5/tokenized/tokenized/lavita_medmcqa_validation*
gs://marin-us-east5/tokenized/tokenized/,gs://marin-us-east5/tokenized/tokenized/lavita_pubmedqa,marin-us-east5,,default_tokenize output,high-value.csv:273,dataset,90,gs://marin-us-east5/tokenized/tokenized/lavita_pubmedqa*
gs://marin-us-east5/tokenized/tokenized/,gs://marin-us-east5/tokenized/tokenized/lavita_pubmedqa_validation,marin-us-east5,,default_tokenize output,high-value.csv:274,dataset,90,gs://marin-us-east5/tokenized/tokenized/lavita_pubmedqa_validation*
gs://marin-us-east5/tokenized/,gs://marin-us-east5/tokenized/tulu_sft-1bb7d4,marin-us-east5,,.with_output_path(...) path,high-value.csv:275,dataset,90,gs://marin-us-east5/tokenized/tulu_sft-1bb7d4*
gs://marin-us-east5/tokenized/tulu_sft-349fb7/,gs://marin-us-east5/tokenized/tulu_sft-349fb7/,marin-us-east5,,.with_output_path(...) path,high-value.csv:276,dataset,90,gs://marin-us-east5/tokenized/tulu_sft-349fb7/*
gs://marin-us-east5/tokenized/,gs://marin-us-east5/tokenized/tulu_sft_v3_llama3_instruct_tokenizer,marin-us-east5,,default_tokenize output,high-value.csv:277,dataset,90,gs://marin-us-east5/tokenized/tulu_sft_v3_llama3_instruct_tokenizer*
gs://marin-us-east5/tokenized/,gs://marin-us-east5/tokenized/ultrafeedback_binarized_test_prefs_marin_tokenizer,marin-us-east5,,default_tokenize output,high-value.csv:278,dataset,90,gs://marin-us-east5/tokenized/ultrafeedback_binarized_test_prefs_marin_tokenizer*
gs://marin-us-east5/tokenized/,gs://marin-us-east5/tokenized/ultrafeedback_binarized_train_prefs_marin_tokenizer,marin-us-east5,,default_tokenize output,high-value.csv:279,dataset,90,gs://marin-us-east5/tokenized/ultrafeedback_binarized_train_prefs_marin_tokenizer*
gs://marin-us-east5/tokenized/uncheatable_eval/,gs://marin-us-east5/tokenized/uncheatable_eval/,marin-us-east5,,default_tokenize output,high-value.csv:280,dataset,90,gs://marin-us-east5/tokenized/uncheatable_eval/*
gs://marin-us-east5/tokenized/,gs://marin-us-east5/tokenized/wikipedia-6980f2,marin-us-east5,,.with_output_path(...) path,high-value.csv:281,dataset,90,gs://marin-us-east5/tokenized/wikipedia-6980f2*
